date,code,name,score_ml,total_score,max_score,market_state,track
2023-06-09,600667,,14,53,115,strong,0
2023-06-12,002980,,14,54,115,strong,0
2023-06-14,688031,,14,62,115,strong,0
2023-06-15,300057,,14,62,115,strong,0
2023-06-15,300747,,14,68,115,strong,0
2023-06-16,002290,,14,64,115,strong,0
2023-06-19,603087,,14,61,115,strong,0
2023-06-29,300516,,14,73,115,strong,0
2023-06-29,600764,,14,68,115,strong,0
2023-06-29,301311,,10,71,115,strong,0
2023-06-29,300566,,14,76,115,strong,0
2023-06-30,002975,,13,78,115,strong,0
2023-06-30,603800,,14,78,115,strong,0
2023-06-30,603773,,14,82,115,strong,0
2023-07-03,603045,,14,67,115,strong,0
2023-07-04,002859,,14,70,115,strong,0
2023-07-04,301133,,14,88,115,strong,0
2023-07-06,688519,,11,91,115,choppy,0
2023-07-06,002429,,14,64,115,choppy,0
2023-07-11,300184,,10,69,115,strong,0
2023-07-17,688786,,13,66,115,strong,0
2023-07-19,300159,,14,64,115,choppy,0
2023-07-21,002717,,10,71,115,strong,0
2023-07-26,002713,,14,61,115,strong,0
2023-07-26,301227,,10,83,115,strong,0
2023-07-26,002575,,13,79,115,strong,0
2023-07-31,600598,,10,67,115,strong,0
2023-07-31,601952,,13,61,115,strong,0
2023-07-31,002041,,14,65,115,strong,0
2023-07-31,002385,,14,60,115,strong,0
2023-08-03,002608,,14,59,115,strong,0
2023-08-04,300419,,13,76,115,strong,0
2023-08-04,688229,,15,67,115,strong,0
2023-08-08,000713,,14,61,115,strong,0
2023-08-10,600119,,14,68,115,strong,0
2023-08-11,000007,,14,65,115,choppy,0
2023-08-17,688229,,15,58,115,choppy,0
2023-08-17,002634,,14,77,115,choppy,0
2023-08-25,600008,,13,62,115,choppy,0
2023-08-29,600082,,14,65,115,strong,0
2023-08-29,600285,,13,55,115,strong,0
2023-08-29,300119,,14,79,115,strong,0
2023-08-29,001979,,14,69,115,strong,0
2023-08-29,300197,,14,80,115,strong,0
2023-08-30,002432,,11,76,115,choppy,0
2023-08-31,300959,,12,76,115,choppy,0
2023-09-01,000711,,14,60,115,strong,0
2023-09-01,688767,,14,80,115,strong,0
2023-09-01,600309,,13,80,115,strong,0
2023-09-01,000651,,14,76,115,strong,0
2023-09-04,000698,,14,76,115,strong,0
2023-09-04,600800,,13,75,115,strong,0
2023-09-06,300285,,14,66,115,strong,0
2023-09-21,300184,,14,62,115,choppy,0
2023-09-22,605589,,12,61,115,choppy,0
2023-09-22,600498,,14,78,115,choppy,0
2023-09-28,688028,,14,69,115,strong,0
2023-09-28,603890,,11,63,115,strong,0
2023-09-28,601137,,14,77,115,strong,0
2023-10-09,301128,,13,88,115,strong,0
2023-10-09,300184,,14,63,115,strong,0
2023-10-10,600699,,13,76,115,strong,0
2023-10-11,688288,,14,66,115,strong,0
2023-10-12,002429,,14,75,115,strong,0
2023-10-12,000908,,14,66,115,strong,0
2023-10-12,000700,,13,69,115,strong,0
2023-10-13,688767,,14,67,115,strong,0
2023-10-26,000700,,14,63,115,choppy,0
2023-10-27,600879,,14,79,115,choppy,0
2023-10-27,002436,,13,82,115,choppy,0
2023-10-27,002294,,14,70,115,choppy,0
2023-10-27,300563,,13,58,115,choppy,0
2023-10-27,300303,,14,60,115,choppy,0
2023-10-27,000921,,14,54,115,choppy,0
2023-10-27,600699,,14,65,115,choppy,0
2023-10-30,300147,,14,74,115,choppy,0
2023-10-30,603087,,11,82,115,choppy,0
2023-10-30,600420,,14,73,115,choppy,0
2023-10-30,600566,,13,72,115,choppy,0
2023-10-30,600535,,14,72,115,choppy,0
2023-10-30,601137,,14,79,115,choppy,0
2023-10-30,603559,,14,66,115,choppy,0
2023-10-30,688288,,14,79,115,choppy,0
2023-10-31,301308,,14,81,115,choppy,0
2023-10-31,000908,,13,60,115,choppy,0
2023-11-03,300563,,14,67,115,strong,0
2023-11-03,002465,,10,65,115,strong,0
2023-11-03,300975,,10,57,115,strong,0
2023-11-06,000050,,14,65,115,strong,0
2023-11-06,688496,,14,75,115,strong,0
2023-11-06,688079,,14,64,115,strong,0
2023-11-06,002957,,14,77,115,strong,0
2023-11-07,301013,,10,69,115,strong,0
2023-11-07,688685,,14,66,115,strong,0
2023-11-08,000700,,14,67,115,strong,0
2023-11-09,000004,,13,87,115,strong,0
2023-11-10,301042,,10,68,115,strong,0
2023-11-10,301139,,10,64,115,strong,0
2023-11-20,300006,,14,60,115,strong,0
2023-11-29,301013,,14,76,115,choppy,0
2023-12-01,600228,,14,70,115,choppy,0
2023-12-01,002571,,13,58,115,choppy,0
2023-12-01,600936,,14,63,115,choppy,0
2023-12-01,002173,,11,60,115,choppy,0
2023-12-04,300959,,13,74,115,choppy,0
2023-12-04,000620,,14,65,115,choppy,0
2023-12-04,601811,,14,63,115,choppy,0
2023-12-06,002458,,13,67,115,choppy,0
2023-12-06,601811,,14,61,115,choppy,0
2023-12-07,300654,,13,69,115,choppy,0
2023-12-07,300081,,13,75,115,choppy,0
2023-12-07,600757,,13,64,115,choppy,0
2023-12-07,000681,,12,74,115,choppy,0
2023-12-08,300738,,14,67,115,choppy,0
2023-12-11,000917,,14,60,115,choppy,0
2023-12-12,600797,,14,59,115,strong,0
2023-12-12,000620,,14,65,115,strong,0
2023-12-12,002526,,10,56,115,strong,0
2023-12-14,600195,,14,64,115,strong,0
2023-12-15,300113,,13,60,115,choppy,0
2023-12-18,603389,,13,61,115,choppy,0
2023-12-19,002306,,14,61,115,choppy,0
2023-12-19,300738,,13,65,115,choppy,0
2023-12-21,301236,,13,67,115,choppy,0
2023-12-27,603668,,14,63,115,choppy,0
2023-12-29,601208,,14,79,115,strong,0
2023-12-29,688496,,14,90,115,strong,0
2023-12-29,300410,,14,79,115,strong,0
2023-12-29,688597,,14,79,115,strong,0
2023-12-29,000050,,14,75,115,strong,0
2024-01-02,002106,,14,77,115,strong,0
2024-01-02,000698,,14,80,115,strong,0
2024-01-02,300241,,12,75,115,strong,0
2024-01-04,600795,,13,58,115,strong,0
2024-01-04,600800,,14,65,115,strong,0
2024-01-09,600082,,14,63,115,strong,0
2024-01-10,003042,,14,93,115,strong,0
2024-01-11,600522,,14,58,115,strong,0
2024-01-15,603255,,13,79,115,choppy,0
2024-01-16,600487,,14,64,115,choppy,0
2024-01-17,603558,,13,62,115,choppy,0
2024-01-25,601598,,14,66,115,choppy,0
2024-01-25,600028,,14,75,115,choppy,0
2024-01-26,601600,,14,78,115,choppy,0
2024-01-26,601808,,14,77,115,choppy,0
2024-01-26,600717,,14,79,115,choppy,0
2024-01-26,600428,,14,79,115,choppy,0
2024-01-26,600362,,14,63,115,choppy,0
2024-01-29,002608,,14,77,115,choppy,0
2024-01-29,600820,,14,68,115,choppy,0
2024-02-06,600285,,14,73,115,choppy,0
2024-02-06,002463,,14,80,115,choppy,0
2024-02-06,688041,,14,79,115,choppy,0
2024-02-06,000921,,13,69,115,choppy,0
2024-02-07,002831,,14,75,115,choppy,0
2024-02-07,600511,,14,92,115,choppy,0
2024-02-07,600362,,14,65,115,choppy,0
2024-02-19,000100,,14,60,115,choppy,0
2024-02-19,000923,,14,80,115,choppy,0
2024-02-29,600482,,10,75,115,strong,0
2024-03-19,300570,,10,86,115,strong,0
2024-03-29,601388,,13,58,115,strong,0
2024-04-01,002768,,14,64,115,strong,0
2024-04-02,600711,,10,61,115,strong,0
2024-04-02,600301,,14,60,115,strong,0
2024-04-02,600459,,14,66,115,strong,0
2024-04-02,600352,,14,69,115,strong,0
2024-04-02,002340,,14,69,115,strong,0
2024-04-02,000060,,14,61,115,strong,0
2024-04-02,301133,,11,67,115,strong,0
2024-04-03,000878,,14,75,115,strong,0
2024-04-03,601168,,10,78,115,strong,0
2024-04-03,000657,,14,79,115,strong,0
2024-04-03,000630,,14,61,115,strong,0
2024-04-03,000960,,14,72,115,strong,0
2024-04-03,301366,,10,75,115,strong,0
2024-04-08,002428,,10,59,115,strong,0
2024-04-09,688388,,13,77,115,strong,0
2024-04-12,688187,,11,62,115,strong,0
2024-04-15,600028,,10,60,115,strong,0
2024-04-16,600487,,14,63,115,choppy,0
2024-04-18,301219,,14,94,115,strong,0
2024-04-18,000913,,14,62,115,strong,0
2024-04-19,600871,,14,58,115,choppy,0
2024-04-19,600279,,14,58,115,choppy,0
2024-04-19,601686,,14,54,115,choppy,0
2024-04-22,300527,,14,77,115,choppy,0
2024-04-22,600764,,14,77,115,choppy,0
2024-04-22,603588,,14,62,115,choppy,0
2024-04-22,600301,,11,90,115,choppy,0
2024-04-25,002136,,11,63,115,choppy,0
2024-04-25,688146,,14,69,115,choppy,0
2024-04-26,000711,,14,66,115,choppy,0
2024-04-26,300547,,14,61,115,choppy,0
2024-04-29,000629,,14,64,115,strong,0
2024-04-29,002838,,14,64,115,strong,0
2024-04-30,000523,,14,79,115,strong,0
2024-04-30,002386,,14,79,115,strong,0
2024-04-30,600711,,14,64,115,strong,0
2024-05-06,300214,,13,61,115,strong,0
2024-05-06,300586,,14,76,115,strong,0
2024-05-06,300848,,14,93,115,strong,0
2024-05-07,002237,,14,62,115,strong,0
2024-05-10,603565,,13,61,115,strong,0
2024-05-17,688033,,14,60,115,strong,0
2024-05-17,688526,,14,61,115,strong,0
2024-05-20,688601,,11,65,115,strong,0
2024-05-21,688668,,11,87,115,strong,0
2024-05-21,002157,,13,62,115,strong,0
2024-05-22,300848,,13,61,115,strong,0
2024-05-23,688515,,14,68,115,strong,0
2024-05-27,600895,,14,64,115,choppy,0
2024-05-27,600018,,13,58,115,choppy,0
2024-05-28,300853,,13,65,115,choppy,0
2024-05-28,601126,,11,69,115,choppy,0
2024-05-29,600961,,14,70,115,strong,0
2024-05-29,300305,,14,78,115,strong,0
2024-05-30,002938,,13,64,115,choppy,0
2024-05-30,605589,,14,77,115,choppy,0
2024-06-06,002273,,13,67,115,choppy,0
2024-06-06,300308,,14,75,115,choppy,0
2024-06-12,688141,,11,61,115,strong,0
2024-06-12,002635,,14,64,115,strong,0
2024-06-12,002273,,13,74,115,strong,0
2024-06-12,300806,,10,84,115,strong,0
2024-06-13,002384,,14,64,115,strong,0
2024-06-13,601138,,14,70,115,strong,0
2024-06-14,300115,,13,66,115,strong,0
2024-06-17,301338,,13,70,115,strong,0
2024-06-17,300968,,13,62,115,strong,0
2024-06-17,688079,,14,75,115,strong,0
2024-06-18,603633,,14,60,115,strong,0
2024-06-26,301338,,11,58,115,choppy,0
2024-06-28,300115,,13,69,115,choppy,0
2024-06-28,002273,,14,67,115,choppy,0
2024-07-09,300115,,14,69,115,strong,0
2024-07-09,000063,,14,85,115,strong,0
2024-07-11,688519,,14,77,115,strong,0
2024-07-11,688127,,14,80,115,strong,0
2024-07-11,002635,,13,81,115,strong,0
2024-07-15,301428,,13,68,115,choppy,0
2024-07-19,688347,,13,85,115,strong,0
2024-07-22,301428,,13,73,115,strong,0
2024-07-26,002888,,11,62,115,choppy,0
2024-07-29,300516,,13,76,115,choppy,0
2024-07-30,300826,,14,75,115,choppy,0
2024-07-31,601628,,12,68,115,strong,0
2024-07-31,300482,,10,57,115,strong,0
2024-08-01,688288,,13,78,115,strong,0
2024-08-06,600129,,14,68,115,strong,0
2024-08-07,002001,,13,60,115,strong,0
2024-08-15,300113,,13,76,115,choppy,0
2024-08-16,300726,,13,63,115,choppy,0
2024-08-19,601318,,10,68,115,strong,0
2024-08-20,601601,,14,79,115,choppy,0
2024-08-26,300709,,13,93,115,choppy,0
2024-08-26,600062,,14,73,115,choppy,0
2024-08-27,600062,,14,75,115,choppy,0
2024-08-29,300709,,13,92,115,choppy,0
2024-08-30,300709,,13,93,115,strong,0
2024-09-02,300709,,13,93,115,strong,0
2024-09-03,300709,,13,93,115,strong,0
2024-09-04,300709,,13,93,115,strong,0
2024-09-05,300709,,13,93,115,strong,0
2024-09-06,300709,,13,93,115,strong,0
2024-09-09,300709,,13,93,115,strong,0
2024-09-10,300709,,13,92,115,strong,0
2024-09-11,300709,,13,91,115,strong,0
2024-11-26,300709,,13,87,115,choppy,0
2024-11-26,002723,,15,65,115,choppy,0
2024-11-27,002831,,14,58,115,choppy,0
2024-11-27,002723,,15,68,115,choppy,0
2024-11-29,300709,,13,89,115,choppy,0
2024-11-29,002723,,15,68,115,choppy,0
2024-12-03,002831,,14,58,115,choppy,0
2024-12-03,002723,,15,68,115,choppy,0
2024-12-04,002831,,14,59,115,choppy,0
2024-12-04,002723,,15,65,115,choppy,0
2024-12-06,002723,,15,68,115,choppy,0
2024-12-09,002723,,15,66,115,choppy,0
2024-12-13,002723,,15,69,115,choppy,0
2024-12-16,002723,,15,70,115,choppy,0
2024-12-17,002723,,15,70,115,choppy,0
2024-12-18,002723,,15,69,115,choppy,0
2024-12-19,002723,,15,69,115,choppy,0
2024-12-20,002723,,15,66,115,choppy,0
2024-12-30,300709,,13,89,115,choppy,0
2024-12-31,300709,,13,87,115,choppy,0
2025-01-06,600062,,14,75,115,choppy,0
2025-01-15,300709,,13,87,115,choppy,0
2025-01-16,300709,,13,87,115,choppy,0
2025-01-16,002723,,15,65,115,choppy,0
2025-01-17,300709,,13,92,115,choppy,0
2025-01-17,002723,,15,65,115,choppy,0
2025-01-20,300709,,13,89,115,choppy,0
2025-01-20,002723,,15,67,115,choppy,0
2025-01-21,300709,,13,93,115,choppy,0
2025-01-21,002723,,15,64,115,choppy,0
2025-01-22,300709,,13,92,115,choppy,0
2025-01-23,300709,,13,93,115,choppy,0
2025-01-23,002723,,15,63,115,choppy,0
2025-01-24,300709,,13,93,115,choppy,0
2025-01-27,300709,,13,93,115,choppy,0
2025-02-05,300709,,13,92,115,choppy,0
2025-02-06,300709,,13,93,115,choppy,0
2025-02-07,300709,,13,89,115,choppy,0
2025-03-04,300709,,13,89,115,choppy,0
2025-03-05,300709,,13,93,115,choppy,0
2025-03-06,300709,,13,91,115,choppy,0
2025-03-07,300709,,13,94,115,choppy,0
2025-03-10,300709,,13,94,115,choppy,0
2025-03-11,300709,,13,93,115,choppy,0
2025-03-12,300709,,13,93,115,choppy,0
2025-03-18,300709,,13,93,115,choppy,0
2025-03-19,300709,,13,93,115,choppy,0
2025-03-20,300709,,13,93,115,choppy,0
2025-04-28,600887,,14,74,115,strong,0
2025-04-28,002114,,14,86,115,strong,0
2025-04-28,600866,,13,78,115,strong,0
2025-04-28,600704,,13,70,115,strong,0
2025-04-28,603359,,13,94,115,strong,0
2025-04-28,000713,,14,87,115,strong,0
2025-04-28,603813,,14,79,115,strong,0
2025-04-28,002419,,14,79,115,strong,0
2025-04-28,688526,,13,81,115,strong,0
2025-04-28,600180,,14,84,115,strong,0
2025-04-28,001219,,14,94,115,strong,0
2025-04-28,603565,,14,75,115,strong,0
2025-04-28,600195,,14,62,115,strong,0
2025-04-28,002719,,13,73,115,strong,0
2025-04-28,600017,,13,65,115,strong,0
2025-04-28,600226,,14,75,115,strong,0
2025-04-28,000716,,14,90,115,strong,0
2025-04-28,603967,,14,79,115,strong,0
2025-04-28,300197,,14,70,115,strong,0
2025-04-28,601880,,13,82,115,strong,0
2025-04-28,000972,,14,69,115,strong,0
2025-04-28,002314,,14,84,115,strong,0
2025-04-28,601083,,14,79,115,strong,0
2025-04-28,301591,,13,65,115,strong,0
2025-04-28,603086,,10,91,115,strong,0
2025-04-28,300119,,14,77,115,strong,0
2025-04-28,600265,,13,75,115,strong,0
2025-04-28,301058,,14,89,115,strong,0
2025-04-28,000599,,14,83,115,strong,0
2025-04-28,600222,,14,67,115,strong,0
2025-04-28,601609,,14,77,115,strong,0
2025-04-28,603566,,13,56,115,strong,0
2025-04-28,603319,,14,77,115,strong,0
2025-04-28,301029,,13,80,115,strong,0
2025-04-28,002768,,14,81,115,strong,0
2025-04-28,600267,,14,73,115,strong,0
2025-04-28,002041,,14,87,115,strong,0
2025-04-28,002183,,14,91,115,strong,0
2025-04-29,601952,,14,66,115,strong,0
2025-04-29,600265,,13,74,115,strong,0
2025-04-29,600084,,14,68,115,strong,0
2025-04-30,600597,,14,76,115,strong,0
2025-05-06,603718,,14,61,115,strong,0
2025-05-27,002717,,12,60,115,choppy,0
2025-05-30,600062,,13,64,115,choppy,0
2025-06-04,601298,,13,75,115,choppy,0
2025-06-04,600222,,14,67,115,choppy,0
2025-06-05,002415,,14,66,115,choppy,0
2025-06-06,300419,,13,62,115,strong,0
2025-06-06,000599,,13,68,115,strong,0
2025-06-06,300218,,14,65,115,strong,0
2025-06-09,688602,,14,64,115,strong,0
2025-06-09,000756,,12,61,115,strong,0
2025-06-10,688690,,11,63,115,strong,0
2025-06-10,301201,,13,60,115,strong,0
2025-06-10,000908,,14,64,115,strong,0
2025-06-11,603139,,13,92,115,strong,0
2025-06-11,300006,,14,61,115,strong,0
2025-06-12,600682,,10,60,115,strong,0
2025-06-16,688201,,14,59,115,strong,0
2025-06-17,300084,,13,88,115,strong,0
2025-06-20,003019,,13,64,115,choppy,0
2025-06-23,002189,,14,59,115,choppy,0
2025-06-24,300438,,14,62,115,strong,0
2025-06-24,688733,,13,67,115,strong,0
2025-06-25,600271,,13,67,115,strong,0
2025-06-25,002138,,14,78,115,strong,0
2025-06-25,301428,,10,75,115,strong,0
2025-06-25,002439,,14,68,115,strong,0
2025-06-25,301380,,10,59,115,strong,0
2025-06-26,002634,,14,59,115,strong,0
2025-06-26,600178,,10,75,115,strong,0
2025-06-26,300608,,13,69,115,strong,0
2025-06-26,002212,,14,68,115,strong,0
2025-06-26,688201,,11,91,115,strong,0
2025-06-26,300085,,13,88,115,strong,0
2025-06-27,300656,,14,72,115,strong,0
2025-06-27,300077,,14,72,115,strong,0
2025-06-30,688262,,13,63,115,strong,0
2025-06-30,301273,,14,63,115,strong,0
2025-07-02,002314,,14,63,115,strong,0
2025-07-02,603588,,13,60,115,strong,0
2025-07-03,000426,,13,62,115,strong,0
2025-07-08,002439,,14,57,115,strong,0
2025-07-08,688456,,10,58,115,strong,0
2025-07-08,002212,,13,54,115,strong,0
2025-07-09,603881,,14,74,115,strong,0
2025-07-10,600120,,14,63,115,strong,0
2025-07-11,600764,,13,57,115,strong,0
2025-07-11,300757,,14,80,115,strong,0
2025-07-17,002294,,14,90,115,choppy,0
2025-07-17,300017,,13,61,115,choppy,0
2025-07-18,002265,,13,94,115,strong,0
2025-07-21,601600,,13,69,115,strong,0
2025-07-21,600170,,13,58,115,strong,0
2025-07-21,600581,,14,65,115,strong,0
2025-07-22,688601,,13,90,115,strong,0
2025-07-22,601899,,12,58,115,strong,0
2025-07-22,603663,,14,62,115,strong,0
2025-07-22,600682,,14,75,115,strong,0
2025-07-23,601168,,14,63,115,strong,0
2025-07-23,000504,,14,70,115,strong,0
2025-07-23,300930,,10,59,115,strong,0
2025-07-23,601216,,13,62,115,strong,0
2025-07-24,000572,,14,63,115,strong,0
2025-07-24,688786,,13,75,115,strong,0
2025-07-24,002386,,10,59,115,strong,0
2025-07-24,000793,,13,62,115,strong,0
2025-07-28,301092,,13,79,115,strong,0
2025-07-29,002294,,14,67,115,strong,0
2025-07-31,688091,,13,93,115,choppy,0
2025-08-01,600222,,13,70,115,choppy,0
2025-08-06,300328,,11,58,115,strong,0
2025-08-06,600698,,14,85,115,strong,0
2025-08-06,688151,,14,89,115,strong,0
2025-08-06,002189,,10,70,115,strong,0
2025-08-07,600071,,10,62,115,strong,0
2025-08-07,300352,,14,62,115,strong,0
2025-08-08,688767,,13,72,115,strong,0
2025-08-13,601609,,14,78,115,strong,0
2025-08-13,688151,,14,66,115,strong,0
2025-08-15,603296,,13,74,115,strong,0
2025-08-15,600176,,14,66,115,strong,0
2025-08-21,000625,,13,57,115,strong,0
2025-08-25,002851,,10,75,115,strong,0
2025-08-25,688313,,13,89,115,strong,0
2025-08-28,603228,,14,88,115,strong,0
2025-09-02,688017,,14,88,115,strong,0
2025-09-08,000060,,13,55,115,choppy,0
2025-09-08,002306,,14,60,115,choppy,0
2025-09-08,688017,,13,93,115,choppy,0
2025-09-12,000737,,14,69,115,choppy,0
2025-09-12,600331,,14,72,115,choppy,0
2025-09-16,605376,,14,90,115,choppy,0
2025-09-17,300134,,14,71,115,strong,0
2025-09-22,603031,,14,91,115,choppy,0
2025-09-23,300968,,14,67,115,choppy,0
2025-09-24,600160,,14,57,115,choppy,0
2025-09-25,002015,,13,72,115,choppy,0
2025-09-26,601168,,13,72,115,choppy,0
2025-09-26,600160,,14,59,115,choppy,0
2025-09-29,600711,,13,67,115,choppy,0
2025-09-29,000630,,14,72,115,choppy,0
2025-09-29,603588,,13,67,115,choppy,0
2025-09-29,600160,,14,59,115,choppy,0
2025-09-30,301219,,14,59,115,strong,0
2025-09-30,301500,,11,66,115,strong,0
2025-09-30,600160,,14,59,115,strong,0
2025-09-30,000060,,10,57,115,strong,0
2025-10-09,000960,,14,93,115,strong,0
2025-10-09,000063,,11,85,115,strong,0
2025-10-09,600160,,14,56,115,strong,0
2025-10-09,600961,,14,82,115,strong,0
2025-10-10,600160,,14,59,115,strong,0
2025-10-13,000657,,14,74,115,strong,0
2025-10-13,600160,,14,59,115,strong,0
2025-10-13,603257,,13,89,115,strong,0
2025-10-14,600160,,14,58,115,strong,0
2025-10-15,600160,,14,59,115,strong,0
2025-10-16,600160,,14,59,115,strong,0
2025-10-17,600160,,14,54,115,choppy,0
2025-10-20,600158,,14,64,115,strong,0
2025-10-20,600160,,14,58,115,strong,0
2025-10-21,600871,,13,62,115,choppy,0
2025-10-21,600160,,14,58,115,choppy,0
2025-10-22,600160,,14,55,115,choppy,0
2025-10-24,601168,,13,69,115,choppy,0
2025-10-27,603993,,14,63,115,choppy,0
2025-10-27,600160,,14,54,115,choppy,0
2025-10-28,603067,,13,81,115,choppy,0
2025-10-29,000960,,14,68,115,choppy,0
2025-10-29,600221,,14,54,115,choppy,0
2025-10-29,601118,,13,61,115,choppy,0
2025-10-29,600362,,13,89,115,choppy,0
2025-10-31,600301,,13,78,115,choppy,0
2025-11-03,000572,,14,75,115,choppy,0
2025-11-04,000793,,14,65,115,choppy,0
2025-11-04,600158,,13,63,115,choppy,0
2025-11-06,603938,,14,66,115,choppy,0
2025-11-06,002353,,13,92,115,choppy,0
2025-11-07,000552,,13,57,115,strong,0
2025-11-11,002601,,14,76,115,strong,0
2025-11-11,600160,,14,55,115,strong,0
2025-11-12,002200,,14,67,115,choppy,0
2025-11-12,600160,,14,57,115,choppy,0
2025-11-13,002145,,13,61,115,strong,0
2025-11-13,600123,,14,61,115,strong,0
2025-11-13,600160,,14,59,115,strong,0
2025-11-14,002938,,14,80,115,strong,0
2025-11-14,300121,,14,78,115,strong,0
2025-11-14,002136,,11,85,115,strong,0
2025-11-14,688146,,14,77,115,strong,0
2025-11-14,600745,,14,80,115,strong,0
2025-11-14,600873,,10,75,115,strong,0
2025-11-14,300118,,12,85,115,strong,0
2025-11-14,603389,,14,88,115,strong,0
2025-11-14,688127,,14,80,115,strong,0
2025-11-14,300666,,14,90,115,strong,0
2025-11-14,603678,,14,75,115,strong,0
2025-11-14,600759,,14,76,115,strong,0
2025-11-14,300975,,13,74,115,strong,0
2025-11-14,002409,,14,79,115,strong,0
2025-11-14,002001,,14,92,115,strong,0
2025-11-14,600378,,14,79,115,strong,0
2025-11-14,603078,,14,96,115,strong,0
2025-11-14,002384,,14,95,115,strong,0
2025-11-24,600764,,14,77,115,strong,0
2025-11-26,000078,,14,64,115,strong,0
2025-11-27,002429,,14,75,115,strong,0
2025-12-01,002446,,10,71,115,strong,0
2025-12-01,600879,,14,75,115,strong,0
2025-12-01,000960,,14,78,115,strong,0
2025-12-01,301169,,14,79,115,strong,0
2025-12-02,601899,,14,62,115,strong,0
2025-12-02,600851,,13,69,115,strong,0
2025-12-03,601168,,13,74,115,strong,0
2025-12-04,688313,,14,85,115,strong,0
2025-12-04,002925,,13,76,115,strong,0
2025-12-05,301169,,14,79,115,strong,0
2025-12-09,300308,,13,91,115,strong,0
2025-12-10,600221,,14,58,115,strong,0
2025-12-10,600869,,14,60,115,strong,0
2025-12-11,601869,,13,67,115,strong,0
2025-12-12,300285,,14,94,115,strong,0
2025-12-15,002669,,10,69,115,strong,0
2025-12-18,600487,,14,69,115,strong,0
2025-12-19,601869,,13,94,115,strong,0
2025-12-23,688668,,13,93,115,strong,0
2025-12-24,002429,,14,61,115,strong,0
2025-12-24,601212,,14,62,115,strong,0
2025-12-24,301182,,14,78,115,strong,0
2025-12-24,300159,,14,66,115,strong,0
2025-12-25,688033,,10,57,115,strong,0
2025-12-25,000733,,13,59,115,strong,0
2025-12-25,605589,,14,66,115,strong,0
2025-12-25,002897,,13,63,115,strong,0
2025-12-26,601212,,14,61,115,strong,0
2025-12-26,688519,,13,87,115,strong,0
2025-12-26,603267,,14,84,115,strong,0
2025-12-26,688586,,10,58,115,strong,0
2025-12-29,002465,,14,89,115,strong,0
2026-01-06,600184,,13,74,115,strong,0
2026-01-06,600459,,14,86,115,strong,0
2026-01-06,301099,,10,89,115,strong,0
2026-01-06,300666,,10,86,115,strong,0
2026-01-07,600869,,14,88,115,strong,0
2026-01-07,300285,,14,65,115,strong,0
2026-01-07,688146,,14,76,115,strong,0
2026-01-08,688777,,12,89,115,strong,0
2026-01-08,603078,,14,71,115,strong,0
2026-01-08,688082,,13,88,115,strong,0
2026-01-09,301282,,10,64,115,strong,0
2026-01-12,002859,,14,75,115,strong,0
2026-01-12,688175,,10,87,115,strong,0
2026-01-12,300184,,14,65,115,strong,0
2026-01-13,002723,,13,57,115,strong,0
2026-01-15,601137,,13,55,115,strong,0
2026-01-16,301297,,13,64,115,strong,0
2026-01-16,688147,,14,89,115,strong,0
2026-01-19,603662,,10,86,115,strong,0
2026-01-20,301338,,14,90,115,strong,0
2026-01-20,600487,,14,70,115,strong,0
2026-01-21,301312,,13,89,115,strong,0
2026-01-21,603008,,14,68,115,strong,0
2026-01-21,600459,,10,62,115,strong,0
2026-01-22,301099,,14,67,115,strong,0
2026-01-23,000878,,14,65,115,strong,0
2026-01-23,603212,,14,66,115,strong,0
2026-01-23,600522,,14,71,115,strong,0
2026-01-23,600869,,14,65,115,strong,0
2026-01-27,601899,,10,79,115,strong,0
2026-01-27,300738,,12,70,115,strong,0
2026-01-28,600255,,10,61,115,strong,0
2026-01-28,603993,,11,91,115,strong,0
2026-01-28,600711,,11,61,115,strong,0
2026-01-29,600362,,14,94,115,strong,0
2026-02-05,688586,,14,77,115,strong,0
2026-02-06,301018,,14,84,115,choppy,0
2026-02-09,002493,,14,64,115,strong,0
2026-02-09,001217,,11,71,115,strong,0
2026-02-10,300956,,14,67,115,choppy,0
2026-02-10,603330,,13,63,115,choppy,0
2026-02-11,603687,,13,62,115,choppy,0
2026-02-11,605589,,13,67,115,choppy,0
2026-02-11,002859,,11,61,115,choppy,0
2026-02-12,688033,,14,82,115,strong,0
2026-02-12,600989,,13,58,115,strong,0
2026-02-12,000962,,14,92,115,strong,0
2026-02-12,688150,,14,91,115,strong,0
2026-02-12,688147,,14,94,115,strong,0
2026-02-13,603045,,14,76,115,choppy,0
2026-02-24,688181,,14,73,115,strong,0
2026-02-24,301528,,13,73,115,strong,0
2026-02-24,601808,,13,73,115,strong,0
2026-02-24,002297,,11,65,115,strong,0
2026-02-24,605020,,14,74,115,strong,0
2026-02-24,603588,,12,64,115,strong,0
2026-02-24,688260,,12,73,115,strong,0
2026-02-24,688586,,14,71,115,strong,0
2026-02-24,301071,,10,88,115,strong,0
2026-02-24,300157,,13,72,115,strong,0
2026-02-25,002145,,14,62,115,strong,0
2026-02-25,600871,,14,66,115,strong,0
2026-02-25,002386,,13,62,115,strong,0
2026-02-25,002056,,14,77,115,strong,0
2026-02-25,002306,,14,61,115,strong,0
2026-02-25,002601,,11,72,115,strong,0
2026-02-25,600098,,13,63,115,strong,0
2026-02-25,002978,,14,61,115,strong,0
2026-02-26,301312,,13,89,115,strong,0
2026-02-26,000733,,12,74,115,strong,0
2026-02-26,688187,,13,78,115,strong,0
2026-02-26,301360,,11,61,115,strong,0
2026-02-26,600282,,14,65,115,strong,0
2026-02-26,300726,,14,94,115,strong,0
2026-02-26,600105,,10,61,115,strong,0
2026-02-27,688028,,14,89,115,strong,0
2026-02-27,002046,,14,89,115,strong,0
2026-02-27,600459,,14,88,115,strong,0
2026-02-27,600301,,14,95,115,strong,0
2026-02-27,002171,,14,74,115,strong,0
2026-02-27,000960,,14,95,115,strong,0
2026-02-27,600961,,14,79,115,strong,0
2026-02-27,603773,,14,92,115,strong,0
2026-02-27,603389,,14,64,115,strong,0
2026-02-27,300159,,14,65,115,strong,0
2026-03-02,601600,,14,73,115,strong,0
2026-03-02,002155,,10,90,115,strong,0
2026-03-02,002667,,14,74,115,strong,0
2026-03-02,600028,,13,71,115,strong,0
2026-03-02,688498,,14,91,115,strong,0
2026-03-02,688586,,13,64,115,strong,0
2026-03-02,600378,,14,81,115,strong,0
2026-03-04,000807,,14,79,115,strong,0
2026-03-04,600595,,14,76,115,strong,0
2026-03-05,002532,,14,71,115,strong,0
2026-03-06,688597,,12,70,115,strong,0
2026-03-10,301419,,14,87,115,strong,0
2026-03-10,301182,,14,82,115,strong,0
2026-03-11,002145,,13,67,115,strong,0
2026-03-11,300243,,10,85,115,strong,0
2026-03-11,600522,,14,67,115,strong,0
2026-03-12,601699,,13,63,115,choppy,0
2026-03-12,600282,,13,57,115,choppy,0
2026-03-18,603311,,14,67,115,choppy,0
2026-03-18,600563,,13,92,115,choppy,0
2026-04-01,600105,,13,77,115,choppy,0
2026-04-01,688396,,14,65,115,choppy,0
2026-04-01,600522,,14,71,115,choppy,0
2026-04-02,600195,,13,78,115,choppy,0
2026-04-03,300666,,14,60,115,choppy,0
2026-04-07,605589,,14,80,115,strong,0
2026-04-07,688702,,14,71,115,strong,0
2026-04-07,301419,,13,68,115,strong,0
2026-04-07,688079,,14,75,115,strong,0
2026-04-08,603311,,14,77,115,strong,0
2026-04-08,000062,,12,66,115,strong,0
2026-04-08,688012,,14,61,115,strong,0
2026-04-08,300975,,14,64,115,strong,0
2026-04-09,301489,,14,74,115,strong,0
2026-04-09,300184,,13,67,115,strong,0
2026-04-09,301018,,14,94,115,strong,0
2026-04-09,688097,,14,91,115,strong,0
2026-04-09,301099,,14,90,115,strong,0
2026-04-09,001287,,13,71,115,strong,0
2026-04-09,002903,,13,75,115,strong,0
2026-04-14,002859,,13,71,115,strong,0
2026-04-14,688519,,12,89,115,strong,0
2026-04-14,301182,,14,86,115,strong,0
2026-04-16,002859,,11,88,115,strong,0
2026-04-21,301338,,14,94,115,strong,0
2026-04-21,600487,,14,84,115,strong,0
2026-04-21,600522,,14,81,115,strong,0
2026-04-22,600869,,14,95,115,strong,0
2026-04-22,601869,,14,95,115,strong,0
2026-04-27,300666,,14,91,115,strong,0
2026-04-30,688127,,13,90,115,strong,0
2026-04-30,301182,,13,59,115,strong,0
2026-05-08,603124,,14,64,115,strong,0
2026-05-08,603890,,10,57,115,strong,0
2026-05-08,301362,,14,85,115,strong,0
2026-05-08,001223,,13,77,115,strong,0
2026-05-08,600105,,13,81,115,strong,0
2026-05-11,002579,,13,71,115,strong,0
2026-05-12,002897,,10,85,115,strong,0
2026-05-12,688079,,14,86,115,strong,0
2026-05-12,688205,,14,89,115,strong,0
2026-05-13,603890,,13,84,115,strong,0
2026-05-13,688700,,14,94,115,strong,0
2026-05-13,300620,,14,94,115,strong,0
2026-05-13,601137,,14,78,115,strong,0
2026-05-14,688097,,14,88,115,strong,0
2026-05-14,600378,,13,76,115,strong,0
2026-05-18,301489,,13,88,115,strong,0
2026-05-20,688805,,13,93,115,strong,0
2026-05-22,603800,,14,91,115,strong,0
2026-05-22,301419,,13,92,115,strong,0
2026-05-22,002273,,14,61,115,strong,0
2026-05-25,301312,,13,93,115,strong,0
2026-05-25,300184,,10,65,115,strong,0
2026-05-25,300975,,13,88,115,strong,0
2026-05-25,603212,,14,56,115,strong,0
2026-05-25,301563,,10,89,115,strong,0
2026-05-26,301338,,14,87,115,strong,0
2026-05-26,603124,,14,84,115,strong,0
2026-05-26,603773,,13,90,115,strong,0
2026-05-26,600378,,14,94,115,strong,0
2026-05-27,688519,,14,93,115,strong,0
2026-05-27,002273,,14,82,115,strong,0
2026-05-27,603633,,10,75,115,strong,0
2026-05-28,002171,,10,73,115,strong,0
2026-05-28,300184,,10,84,115,strong,0
2026-05-28,601138,,13,88,115,strong,0
2026-06-02,600869,,14,88,115,strong,0
2026-06-02,300620,,14,91,115,strong,0
2026-06-02,601137,,13,72,115,strong,0
2023-06-02,688143,,14,69,115,strong,1
2023-06-27,000070,,13,63,115,strong,1
2023-07-03,601899,,14,71,115,strong,1
2023-07-04,688515,,13,94,115,strong,1
2023-07-17,000678,,14,68,115,strong,1
2023-07-25,600961,,14,64,115,strong,1
2023-07-25,000878,,14,67,115,strong,1
2023-08-10,600280,,13,66,115,strong,1
2023-10-11,301201,,13,74,115,strong,1
2023-11-17,601208,,14,66,115,strong,1
2023-12-29,301312,,14,68,115,strong,1
2024-03-28,301071,,14,64,115,strong,1
2024-03-29,300547,,14,68,115,strong,1
2024-05-06,000688,,14,68,115,strong,1
2024-05-17,600352,,13,67,115,strong,1
2024-05-17,300680,,13,66,115,strong,1
2024-05-17,688181,,14,68,115,strong,1
2024-05-21,300848,,13,67,115,strong,1
2024-05-22,605566,,13,64,115,strong,1
2025-05-20,300627,,13,72,115,strong,1
2025-07-03,600367,,14,68,115,strong,1
2025-07-11,300077,,13,66,115,strong,1
2025-08-05,002549,,14,65,115,strong,1
2025-10-23,600282,,13,67,115,strong,1
2025-11-10,002717,,14,63,115,strong,1
2025-11-14,000657,,14,65,115,strong,1
2025-11-18,300205,,14,65,115,strong,1
2025-11-18,000555,,13,63,115,strong,1
2025-11-26,601969,,14,66,115,strong,1
2025-12-05,600745,,14,69,115,strong,1
2025-12-05,002155,,13,63,115,strong,1
2025-12-09,600745,,14,74,115,strong,1
2025-12-17,301338,,14,68,115,strong,1
2025-12-17,601138,,14,62,115,strong,1
2025-12-17,301182,,14,65,115,strong,1
2025-12-22,002429,,14,68,115,strong,1
2025-12-23,300620,,14,68,115,strong,1
2026-01-05,600459,,14,67,115,strong,1
2026-01-06,600522,,13,66,115,strong,1
2026-01-07,600487,,14,68,115,strong,1
2026-01-07,601869,,14,68,115,strong,1
2026-01-09,600487,,14,68,115,strong,1
2026-01-12,300159,,14,66,115,strong,1
2026-01-22,688158,,14,68,115,strong,1
2026-02-26,301182,,14,98,115,strong,1
2026-03-09,601869,,14,68,115,strong,1
2026-04-17,600487,,14,69,115,strong,1
2026-04-20,600522,,14,67,115,strong,1
2026-04-28,301312,,14,69,115,strong,1
2026-05-06,300620,,14,68,115,strong,1
2026-05-06,603633,,13,71,115,strong,1
